Dates,BTC_LAST,PX_LOW,PX_HIGH,Daily Returns,BTCF_LAST,PX_LOW,PX_HIGH,Daily Returns
1/1/2019,3720.6,3645.66,3745.6,,3650,3600,3810,
1/2/2019,3884.98,3708.67,3899.58,4.32%,3830,3685,3855,4.81%
1/3/2019,3794.92,3762.38,3916.72,-2.35%,3760,3710,3870,-1.84%
1/4/2019,3833.53,3731.55,3849.67,1.01%,3745,3690,3875,-0.40%
1/7/2019,4005.34,3969.85,4077.21,4.38%,3985,3945,4070,6.21%
1/8/2019,4000.42,3951.74,4109.33,-0.12%,3985,3925,4095,0.00%
1/9/2019,4003.99,3966.42,4041.45,0.09%,3990,3950,4030,0.13%
1/10/2019,4003.99,3574.62,4034.82,0.00%,3605,3525,4020,-10.15%
1/11/2019,4003.99,3587.52,3695.22,0.00%,3635,3560,3685,0.83%
1/14/2019,3663.59,3486.56,3709.91,-8.88%,3650,3400,3700,0.41%
1/15/2019,3568.48,3549.63,3685.11,-2.63%,3535,3490,3665,-3.20%
1/16/2019,3568.48,3567.96,3667.83,0.00%,3560,3545,3645,0.70%
1/17/2019,3568.48,3545.44,3658.59,0.00%,3605,3515,3645,1.26%
1/18/2019,3568.48,3579.52,3649.82,0.00%,3585,3540,3630,-0.56%
1/22/2019,3574.52,3436.4,3611.22,0.17%,3580,3390,3620,-0.14%
1/23/2019,3544.51,3522.22,3612.37,-0.84%,3535,3510,3615,-1.26%
1/24/2019,3570.93,3529.18,3595.2,0.74%,3565,3520,3590,0.85%
1/25/2019,3558.51,3512.82,3578.1,-0.35%,3560,3510,3580,-0.14%
1/28/2019,3541.27,3375.7,3552.36,-0.49%,3380,3325,3515,-5.19%
1/29/2019,3401.14,3343.77,3440.72,-4.04%,3370,3300,3395,-0.30%
1/30/2019,3432.64,3372.96,3458.86,0.92%,3410,3345,3435,1.18%
1/31/2019,3417.04,3396.17,3472.07,-0.46%,3395,3365,3455,-0.44%
2/1/2019,3448.51,3374.67,3456.01,0.92%,3425,3345,3440,0.88%
2/4/2019,3417.03,3386.67,3435.91,-0.92%,3395,3375,3415,-0.88%
2/5/2019,3422.6,3398.45,3430.34,0.16%,3400,3380,3415,0.15%
2/6/2019,3366.32,3338.58,3443.33,-1.66%,3340,3310,3420,-1.78%
2/7/2019,3358.91,3353,3381.62,-0.22%,3340,3335,3370,0.00%
2/8/2019,3594.91,3343.27,3707.33,6.79%,3615,3325,3730,7.91%
2/11/2019,3591.59,3578.58,3653.65,-0.09%,3605,3580,3650,-0.28%
2/12/2019,3576.31,3550.83,3618.2,-0.43%,3605,3550,3625,0.00%
2/13/2019,3571.42,3561.4,3628.96,-0.14%,3570,3555,3630,-0.98%
2/14/2019,3570.02,3537.09,3589.52,-0.04%,3565,3530,3595,-0.14%
2/15/2019,3564.79,3547.14,3614.87,-0.15%,3565,3545,3620,0.00%
2/18/2019,3852.25,3565.6,3916.08,7.76%,3565,3545,3620,0.00%
2/19/2019,3887.89,3830.26,3970.22,0.92%,3935,3595,3970,9.87%
2/20/2019,3912.98,3865.94,3962.16,0.64%,3935,3870,3965,0.00%
2/21/2019,3897.72,3868.03,3986.41,-0.39%,3895,3855,3985,-1.02%
2/22/2019,3941.75,3885.69,3955.89,1.12%,3931,3885,3955,0.92%
2/25/2019,3805.67,3728.84,3859.93,-3.51%,3820,3705,3845,-2.86%
2/26/2019,3790.19,3765.89,3830.6,-0.41%,3775,3745,3820,-1.19%
2/27/2019,3749.38,3659.76,3823.43,-1.08%,3710,3620,3815,-1.74%
2/28/2019,3802.53,3742.36,3884,1.41%,3790,3745,3875,2.13%
3/1/2019,3828.22,3783.01,3843.26,0.67%,3820,3780,3830,0.79%
3/4/2019,3699.76,3671.32,3805.17,-3.41%,3690,3660,3795,-3.46%
3/5/2019,3833.97,3682.26,3871.33,3.56%,3835,3655,3865,3.85%
3/6/2019,3845.71,3810.21,3892.22,0.31%,3840,3810,3900,0.13%
3/7/2019,3871.42,3830.24,3889.55,0.67%,3870,3830,3890,0.78%
3/8/2019,3868.84,3848.8,3910.41,-0.07%,3890,3845,3920,0.52%
3/11/2019,3847.91,3816.5,3912.65,-0.54%,3835,3810,3915,-1.42%
3/12/2019,3865.41,3798.84,3876.23,0.45%,3845,3790,3880,0.26%
3/13/2019,3852.32,3826.48,3872.27,-0.34%,3845,3820,3870,0.00%
3/14/2019,3851.57,3787.91,3901.1,-0.02%,3845,3775,3905,0.00%
3/15/2019,3897.41,3846.2,3908.28,1.18%,3900,3845,3910,1.42%
3/18/2019,3971.19,3935.17,4015.31,1.88%,3960,3935,4025,1.53%
3/19/2019,3991.47,3949.84,4009.6,0.51%,3995,3950,4015,0.88%
3/20/2019,4009.47,3964.37,4018.69,0.45%,4010,3965,4020,0.37%
3/21/2019,3973.24,3920.1,4056.22,-0.91%,3965,3900,4060,-1.13%
3/22/2019,3977.74,3960.7,3999.34,0.11%,3980,3955,3995,0.38%
3/25/2019,3887.56,3859.15,3978.79,-2.29%,3890,3845,3970,-2.29%
3/26/2019,3912.6,3881.27,3922.02,0.64%,3905,3870,3910,0.38%
3/27/2019,4008.98,3908.46,4032.44,2.43%,4005,3900,4030,2.53%
3/28/2019,4010.76,3993.97,4036.61,0.04%,4005,3990,4030,0.00%
3/29/2019,4072.16,3999.8,4100.99,1.52%,4075,4000,4105,1.73%
4/1/2019,4126.69,4052.2,4148.24,1.33%,4125,4040,4145,1.22%
4/2/2019,4802.47,4125.9,5078.52,15.17%,4775,4130,5095,14.63%
4/3/2019,5296,4783.12,5316.24,9.78%,5150,4810,5325,7.56%
4/4/2019,4847.05,4782.75,5344.52,-8.86%,4840,4780,5275,-6.21%
4/5/2019,4999.01,4839.03,5066.88,3.09%,5020,4890,5070,3.65%
4/8/2019,5252.89,5111.77,5349.17,4.95%,5210,5130,5370,3.71%
4/9/2019,5220.08,5146.71,5311.4,-0.63%,5220,5150,5320,0.19%
4/10/2019,5302.92,5158.58,5460.45,1.57%,5415,5160,5480,3.67%
4/11/2019,5054.03,4970.92,5342.98,-4.81%,5075,4965,5355,-6.48%
4/12/2019,5042.54,4913.32,5117.32,-0.23%,5065,4900,5125,-0.20%
4/15/2019,5021.53,4948.63,5191.48,-0.42%,5010,4945,5200,-1.09%
4/16/2019,5185.02,5008.78,5229.42,3.20%,5200,5025,5235,3.72%
4/17/2019,5221.26,5175.53,5270.61,0.70%,5235,5185,5285,0.67%
4/18/2019,5308.57,5205.05,5314.31,1.66%,5295,5205,5325,1.14%
4/19/2019,5269.97,5196.66,5357.73,-0.73%,5295,5205,5325,0.00%
4/22/2019,5365.89,5232.52,5440.01,1.80%,5395,5255,5450,1.87%
4/23/2019,5580.07,5357.04,5642.73,3.91%,5590,5375,5665,3.55%
4/24/2019,5435.81,5375.16,5621.51,-2.62%,5435,5370,5625,-2.81%
4/25/2019,5495.18,5376.13,5510.16,1.09%,5490,5380,5510,1.01%
4/26/2019,5097.52,4983.75,5499.96,-7.51%,5162,4945,5400,-6.16%
4/29/2019,5129.68,5074.93,5188.44,0.63%,5140,5070,5185,-0.43%
4/30/2019,5237.87,5100.01,5287.5,2.09%,5230,5090,5285,1.74%
5/1/2019,5307.8,5236.8,5357.41,1.33%,5300,5250,5350,1.33%
5/2/2019,5405.46,5289.65,5421.01,1.82%,5390,5280,5415,1.68%
5/3/2019,5689.05,5366.37,5795.5,5.11%,5670,5355,5800,5.06%
5/6/2019,5693.95,5565.98,5780.79,0.09%,5745,5565,5795,1.31%
5/7/2019,5844.63,5676.75,5966.77,2.61%,5845,5685,5985,1.73%
5/8/2019,5900.67,5665.28,5912.38,0.95%,5900,5640,5915,0.94%
5/9/2019,6080.72,5853.31,6096.6,3.01%,6065,5850,6120,2.76%
5/10/2019,6291.33,6078.77,6426.43,3.40%,6365,6110,6430,4.83%
5/13/2019,7864.38,6866.69,7970.45,22.32%,7950,6870,8030,22.24%
5/14/2019,7719.93,7615.89,8331.38,-1.85%,7780,7630,8385,-2.16%
5/15/2019,8171.07,7626.76,8264.9,5.68%,8225,7815,8300,5.56%
5/16/2019,7676.51,7676.02,8386.13,-6.24%,7875,7725,8445,-4.35%
5/17/2019,7106.31,6631.91,7956.98,-7.72%,7180,6320,7990,-9.24%
5/20/2019,7106.31,7581.53,8298.89,0.00%,7850,7620,8380,8.92%
5/21/2019,8086.18,7811.55,8129.97,12.92%,8050,7840,8140,2.52%
5/22/2019,7832.46,7696.32,8111.47,-3.19%,7950,7710,8075,-1.25%
5/23/2019,7878.46,7472.91,7880.81,0.59%,7810,7485,7895,-1.78%
5/24/2019,8112.36,7797.19,8175,2.93%,8085,7815,8230,3.46%
5/28/2019,8687.79,8542.15,8849.8,6.85%,8705,8550,9035,7.39%
5/29/2019,8646.35,8430.44,8757.38,-0.48%,8690,8420,8775,-0.17%
5/30/2019,8463.48,8402.48,9088.42,-2.14%,8620,8345,9125,-0.81%
5/31/2019,8503.38,8007.04,8514.65,0.47%,8414,8100,8440,-2.42%
6/3/2019,8556.11,8332.51,8759.63,0.62%,8640,8385,8865,2.65%
6/4/2019,7651.38,7509.47,8560.76,-11.18%,7625,7515,8565,-12.50%
6/5/2019,7732.88,7446.67,7923.68,1.06%,7835,7435,7970,2.72%
6/6/2019,7690.61,7458.41,7871.13,-0.55%,7610,7460,7915,-2.91%
6/7/2019,7898.63,7686.55,8132.43,2.67%,8010,7740,8175,5.12%
6/10/2019,7943.46,7510.88,8077,0.57%,8010,7515,8115,0.00%
6/11/2019,7926.36,7712.81,8053.9,-0.22%,7920,7720,8085,-1.13%
6/12/2019,8120.45,7823.2,8263.26,2.42%,8195,7830,8340,3.41%
6/13/2019,8261.05,8049.18,8294.5,1.72%,8285,8070,8330,1.09%
6/14/2019,8452.83,8180.15,8466.19,2.29%,8440,8215,8515,1.85%
6/17/2019,9273.06,8821.05,9420.98,9.26%,9380,9055,9495,10.56%
6/18/2019,9125.34,8936.77,9477,-1.61%,9115,8985,9575,-2.87%
6/19/2019,9167.27,8946.68,9210.14,0.46%,9210,8985,9255,1.04%
6/20/2019,9562.66,9140.22,9599.13,4.22%,9625,9260,9705,4.41%
6/21/2019,9939.81,9464.37,9950,3.87%,9980,9560,10060,3.62%
6/24/2019,10856.69,10548.09,11251.21,8.82%,10945,10615,11160,9.23%
6/25/2019,11366.24,10836.19,11471.93,4.59%,11380,11010,11525,3.90%
6/26/2019,12733.71,11365.07,13851.6,11.36%,13885,11520,13915,19.90%
6/27/2019,10686.14,10305.23,13345.17,-17.53%,10855,10285,13340,-24.62%
6/28/2019,12212.7,10462.73,12396.56,13.35%,11764,10815,12020,8.04%
7/1/2019,10481.86,9984.18,11432.51,-15.28%,10375,10150,11505,-12.56%
7/2/2019,10714.88,9660.44,10929.35,2.20%,10990,9805,11120,5.76%
7/3/2019,11378.23,10598.09,11570.5,6.01%,11370,10855,11765,3.40%
7/5/2019,11034,10775.56,11742.97,-3.07%,11285,10910,12230,-0.75%
7/8/2019,12207.1,11329.58,12290.69,10.10%,12445,11500,12525,9.78%
7/9/2019,12401.88,12125.83,12821.48,1.58%,12760,12330,13115,2.50%
7/10/2019,11778.8,11640.29,13190.29,-5.15%,12270,11760,13480,-3.92%
7/11/2019,11146.07,10984.37,12192.58,-5.52%,11730,11045,12385,-4.50%
7/12/2019,11907.36,11069.18,11916.68,6.61%,11730,11195,12005,0.00%
7/15/2019,10821.99,9869.56,10947.72,-9.56%,10910,9915,11040,-7.25%
7/16/2019,9595.05,9486.55,11074.52,-12.03%,9730,9460,11155,-11.45%
7/17/2019,9686.99,9083.78,9982.55,0.95%,9795,9095,10025,0.67%
7/18/2019,10616.88,9289.76,10744.72,9.17%,10550,9345,10825,7.43%
7/19/2019,10529.52,10121.75,10791,-0.83%,10460,10130,10845,-0.86%
7/22/2019,10322.33,10073.47,10682.69,-1.99%,10145,10070,10720,-3.06%
7/23/2019,10147.93,9867.88,10381.27,-1.70%,10150,9860,10370,0.05%
7/24/2019,9671.71,9515.51,10147.2,-4.81%,9640,9485,10155,-5.16%
7/25/2019,9874.05,9662.81,10182.69,2.07%,9865,9735,10215,2.31%
7/26/2019,9834.23,9659.1,9943.16,-0.40%,9763,9645,9955,-1.04%
7/29/2019,9516.61,9117.63,9718.7,-3.28%,9530,9195,9850,-2.42%
7/30/2019,9541.65,9377.69,9761.25,0.26%,9735,9470,9930,2.13%
7/31/2019,10026.61,9522.77,10125.05,4.96%,10115,9685,10295,3.83%
8/1/2019,10411.97,9884.08,10489.24,3.77%,10450,10015,10665,3.26%
8/2/2019,10399.38,10331.18,10668.87,-0.12%,10600,10490,10870,1.43%
8/5/2019,11723.69,10794.64,11946.76,11.99%,11910,11070,12130,11.65%
8/6/2019,11643.41,11538.2,12316.05,-0.69%,11830,11700,12505,-0.67%
8/7/2019,11863.77,11208.6,12144.38,1.87%,11885,11325,12330,0.46%
8/8/2019,11595.78,11484.2,12066.93,-2.28%,11690,11600,12205,-1.65%
8/9/2019,11864.63,11588,12053.7,2.29%,11945,11795,12235,2.16%
8/12/2019,11418.31,11233.94,11580.49,-3.83%,11560,11340,11695,-3.28%
8/13/2019,10882.13,10746.55,11439.9,-4.81%,10945,10800,11570,-5.47%
8/14/2019,10171.6,10033.48,10892,-6.75%,10160,10070,10955,-7.44%
8/15/2019,10372.72,9492.73,10393.35,1.96%,10130,9500,10440,-0.30%
8/16/2019,10395.4,9747.75,10539.86,0.22%,10515,9765,10590,3.73%
8/19/2019,10678.85,10271.93,10836.1,2.69%,10745,10305,10890,2.16%
8/20/2019,10706.71,10566.23,10954.77,0.26%,10775,10590,11015,0.28%
8/21/2019,10155.19,9855.38,10841.6,-5.29%,10115,9850,10890,-6.32%
8/22/2019,10182.76,9758.78,10236.32,0.27%,10185,9765,10255,0.69%
8/23/2019,10361.52,10046.28,10469.58,1.74%,10460,10050,10535,2.66%
8/26/2019,10265.73,9912.51,10655.39,-0.93%,10330,9970,10730,-1.25%
8/27/2019,10143.08,10029.95,10395.48,-1.20%,10165,10030,10410,-1.61%
8/28/2019,9669.45,9575.46,10280.6,-4.78%,9645,9470,10320,-5.25%
8/29/2019,9526.03,9323.98,9748.38,-1.49%,9505,9305,9730,-1.46%
8/30/2019,9626.18,9365.77,9699.1,1.05%,9584,9385,9630,0.83%
9/2/2019,10408.87,9595.68,10469.8,7.82%,9650,9420,9780,0.69%
9/3/2019,10712.47,10290.73,10775.92,2.88%,10800,9795,10925,11.26%
9/4/2019,10626.01,10385.72,10827.08,-0.81%,10835,10470,10965,0.32%
9/5/2019,10518.1,10461.67,10696.32,-1.02%,10625,10530,10810,-1.96%
9/6/2019,10356.88,10205.68,10941.17,-1.54%,10460,10230,11130,-1.57%
9/9/2019,10237.89,10068.63,10530.31,-1.16%,10370,10115,10620,-0.86%
9/10/2019,10052.99,9938.37,10386.29,-1.82%,10060,9945,10455,-3.03%
9/11/2019,10099.08,9867.05,10253.5,0.46%,10125,9900,10345,0.64%
9/12/2019,10331.07,10034.15,10374.21,2.27%,10410,10085,10470,2.78%
9/13/2019,10270.67,10163.28,10464.41,-0.59%,10265,10205,10560,-1.40%
9/16/2019,10215.87,10080.7,10374.51,-0.53%,10135,10105,10430,-1.27%
9/17/2019,10250.3,10138.13,10344.75,0.34%,10305,10185,10405,1.66%
9/18/2019,10196.93,10094.5,10262.03,-0.52%,10205,10120,10310,-0.98%
9/19/2019,10258.85,9644.85,10364.4,0.61%,10155,9605,10450,-0.49%
9/20/2019,10135.94,10069.71,10314.63,-1.21%,10180,10095,10355,0.25%
9/23/2019,9765.49,9695.95,10075.04,-3.72%,9805,9690,10125,-3.75%
9/24/2019,8582,8087.91,9817.6,-12.92%,8380,7995,9780,-15.70%
9/25/2019,8511.8,8229.96,8799.13,-0.82%,8350,8205,8785,-0.36%
9/26/2019,8094.12,7736.71,8656.05,-5.03%,8145,7710,8670,-2.49%
9/27/2019,8060.97,7867.46,8133.01,-0.41%,8004,7940,8140,-1.75%
9/30/2019,8240.9,7725.63,8363.78,2.21%,8335,7710,8415,4.05%
10/1/2019,8380.24,8194.37,8531.33,1.68%,8325,8235,8560,-0.12%
10/2/2019,8235.09,8176.76,8417.14,-1.75%,8270,8185,8400,-0.66%
10/3/2019,8161.33,8091.34,8418.12,-0.90%,8160,8075,8435,-1.34%
10/4/2019,8161.33,8029.15,8297.11,0.00%,8225,8020,8310,0.79%
10/7/2019,8161.33,7770,8313.25,0.00%,8255,7745,8350,0.36%
10/8/2019,8161.33,8113.55,8344.31,0.00%,8170,8095,8365,-1.04%
10/9/2019,8590.16,8120.4,8692.79,5.12%,8645,8125,8780,5.65%
10/10/2019,8580.86,8457.01,8660.73,-0.11%,8595,8445,8670,-0.58%
10/11/2019,8342.93,8288.27,8810.81,-2.81%,8355,8285,8850,-2.83%
10/14/2019,8343.42,8171.63,8451.85,0.01%,8355,8220,8435,0.00%
10/15/2019,8144.33,8096.59,8418.35,-2.42%,8170,8085,8435,-2.24%
10/16/2019,7988.24,7916.05,8187.83,-1.94%,7950,7900,8195,-2.73%
10/17/2019,8046.49,7940.91,8127.42,0.73%,8060,7935,8150,1.37%
10/18/2019,7947.7,7829.7,8118.67,-1.24%,7960,7805,8130,-1.25%
10/21/2019,8207.68,8143.47,8346.52,3.22%,8205,8160,8380,3.03%
10/22/2019,8125.1,8084.13,8313.89,-1.01%,8165,8065,8330,-0.49%
10/23/2019,7491.38,7305.45,8161.08,-8.12%,7475,7245,8110,-8.83%
10/24/2019,7456.59,7360.17,7510.74,-0.47%,7490,7355,7515,0.20%
10/25/2019,8574.4,7397.6,8784.13,13.97%,8715,7395,8885,15.15%
10/28/2019,9456.3,9267.87,9933.83,9.79%,9530,9330,10050,8.94%
10/29/2019,9446.04,9085.16,9560.25,-0.11%,9315,9155,9655,-2.28%
10/30/2019,9184.99,9000.1,9472,-2.80%,9270,9060,9565,-0.48%
10/31/2019,9189.42,8960.83,9427.01,0.05%,9305,9000,9510,0.38%
11/1/2019,9212.68,9054.7,9299.49,0.25%,9235,9120,9360,-0.76%
11/4/2019,9443.36,9080.13,9585.95,2.47%,9565,9170,9790,3.51%
11/5/2019,9357.06,9186.2,9481.71,-0.92%,9420,8360,9580,-1.53%
11/6/2019,9314.92,9258.9,9448.42,-0.45%,9360,9325,9515,-0.64%
11/7/2019,9209.87,9086.7,9372.21,-1.13%,9220,9125,9460,-1.51%
11/8/2019,8866.55,8679.32,9271.86,-3.80%,8845,8680,9305,-4.15%
11/11/2019,8736.17,8611.01,9099.87,-1.48%,8750,8585,9135,-1.08%
11/12/2019,8764.95,8567.15,8867.19,0.33%,8835,8555,8915,0.97%
11/13/2019,8753.01,8708.5,8838.18,-0.14%,8785,8730,8880,-0.57%
11/14/2019,8651.15,8563.25,8793.25,-1.17%,8675,8590,8830,-1.26%
11/15/2019,8453.89,8380,8769.15,-2.31%,8505,8355,8820,-1.98%
11/18/2019,8218.67,8033.09,8630.75,-2.82%,8205,8005,8565,-3.59%
11/19/2019,8108.09,8000.39,8253.37,-1.35%,8110,8005,8215,-1.16%
11/20/2019,8087.79,8031.28,8223.39,-0.25%,8110,8045,8275,0.00%
11/21/2019,7598.7,7407.48,8125.45,-6.24%,7580,7360,8140,-6.76%
11/22/2019,7343.85,6798.13,7713.49,-3.41%,7330,6775,7735,-3.35%
11/25/2019,7214.3,6530.95,7374.59,-1.78%,7165,6510,7375,-2.28%
11/26/2019,7113.51,7028.03,7340.46,-1.41%,7115,7015,7345,-0.70%
11/27/2019,7550.08,6854.44,7672.95,5.96%,7570,6835,7700,6.20%
11/29/2019,7710.34,7376.53,7867.53,2.10%,7776,7365,7800,2.68%
12/2/2019,7319.36,7166.4,7450.09,-5.20%,7335,7195,7555,-5.84%
12/3/2019,7329.85,7245.3,7412.88,0.14%,7340,7260,7445,0.07%
12/4/2019,7187.39,7091.84,7774.69,-1.96%,7220,7085,7965,-1.65%
12/5/2019,7379.66,7160.34,7489,2.64%,7420,7180,7525,2.73%
12/6/2019,7469.48,7315.43,7603.99,1.21%,7460,7335,7655,0.54%
12/9/2019,7356.78,7286.8,7654.02,-1.52%,7320,7290,7705,-1.89%
12/10/2019,7222.09,7167.63,7402.58,-1.85%,7215,7165,7410,-1.44%
12/11/2019,7191.95,7135.02,7279.42,-0.42%,7175,7130,7290,-0.56%
12/12/2019,7200.62,7083.38,7292.28,0.12%,7265,7070,7370,1.25%
12/13/2019,7240.62,7181.03,7300.11,0.55%,7265,7200,7335,0.00%
12/16/2019,6876.58,6831.45,7154.45,-5.16%,6860,6790,7145,-5.74%
12/17/2019,6616.45,6576.39,6948.58,-3.86%,6580,6560,6940,-4.17%
12/18/2019,7131.58,6436.5,7226.95,7.50%,7135,6420,7235,8.10%
12/19/2019,7157.05,7047.29,7442.87,0.36%,7165,7055,7440,0.42%
12/20/2019,7198.73,7079.65,7221.23,0.58%,7230,7085,7235,0.90%
12/23/2019,7319.77,7291.81,7689.15,1.67%,7410,7290,7715,2.46%
12/24/2019,7246.81,7161.52,7423.84,-1.00%,7235,7215,7430,-2.39%
12/26/2019,7189.08,7168.48,7427.19,-0.80%,7250,7170,7445,0.21%
12/27/2019,7219.5,7068.11,7252.5,0.42%,7204,7055,7245,-0.64%
12/30/2019,7243.35,7203.33,7524.5,0.33%,7285,7245,7480,1.12%
12/31/2019,7158.27,7116.03,7299.86,-1.18%,7210,7160,7350,-1.03%
1/2/2020,6960.58,6912.96,7246.71,-2.80%,6940,6900,7225,-3.82%
1/3/2020,7269.82,6859.44,7400.72,4.35%,7385,6860,7500,6.21%
1/6/2020,7575.93,7317.78,7604.5,4.12%,7615,7385,7685,3.07%
1/7/2020,8021.36,7575.42,8192.21,5.71%,8280,7725,8300,8.37%
1/8/2020,8004.26,7874.81,8462.1,-0.21%,8110,7915,8595,-2.07%
1/9/2020,7786.84,7748.81,8108.37,-2.75%,7885,7800,8170,-2.81%
1/10/2020,8043.69,7678.09,8131,3.25%,8135,7700,8220,3.12%
1/13/2020,8131.06,8044.77,8194,1.08%,8200,8100,8300,0.80%
1/14/2020,8736.16,8099.88,8854.1,7.18%,8750,8150,8955,6.49%
1/15/2020,8821.69,8555.67,8896.13,0.97%,8880,8635,8995,1.47%
1/16/2020,8678.8,8581.67,8859.88,-1.63%,8790,8615,8955,-1.02%
1/17/2020,8906.32,8664.77,9007.25,2.59%,8925,8720,9085,1.52%
1/21/2020,8721.88,8488.84,8771.31,-2.09%,8750,8515,8825,-1.98%
1/22/2020,8640.65,8572.54,8792.56,-0.94%,8680,8600,8865,-0.80%
1/23/2020,8382.87,8281,8664.36,-3.03%,8370,8290,8705,-3.64%
1/24/2020,8406.05,8380.2,8426.22,0.28%,8495,8235,8540,1.48%
1/27/2020,8406.05,8380.2,8426.22,0.00%,8995,8575,9020,5.72%
1/28/2020,9042.56,8876.01,9183.17,7.30%,9060,8895,9215,0.72%
1/29/2020,9354.7,9039.15,9429.18,3.39%,9390,9040,9480,3.58%
1/30/2020,9552.18,9185.33,9564.52,2.09%,9555,9160,9570,1.74%
1/31/2020,9354.29,9199.36,9562.55,-2.09%,9278,9180,9555,-2.94%
2/3/2020,9274.19,9222.94,9608.03,-0.86%,9410,9270,9790,1.41%
2/4/2020,9139.77,9080.33,9346.65,-1.46%,9255,9130,9440,-1.66%
2/5/2020,9687.28,9129.78,9765.88,5.82%,9830,9225,9945,6.03%
2/6/2020,9737.36,9530.87,9854.47,0.52%,9895,9685,10010,0.66%
2/7/2020,9744.46,9655.23,9868.16,0.07%,9845,9740,10030,-0.51%
2/10/2020,9866.28,9749.78,10194.88,1.24%,9935,9510,10360,0.91%
2/11/2020,10236.53,9712.47,10386.53,3.68%,10405,9790,10570,4.62%
2/12/2020,10389.08,10219.04,10481.16,1.48%,10525,10315,10620,1.15%
2/13/2020,10180.13,10082.44,10500.6,-2.03%,10305,10160,10670,-2.11%
2/14/2020,10344.55,10102.26,10391.43,1.60%,10495,10210,10635,1.83%
2/17/2020,9646.95,9475.5,9998.92,-6.98%,10495,10210,10635,0.00%
2/18/2020,10154.96,9615.32,10278.1,5.13%,10250,9505,10365,-2.36%
2/19/2020,9612.05,9327.29,10299.59,-5.49%,10225,9245,10545,-0.24%
2/20/2020,9610.56,9400.29,9704.22,-0.02%,9615,9405,9735,-6.15%
2/21/2020,9674.01,9573.25,9769.83,0.66%,9740,9600,9830,1.29%
2/24/2020,9606.78,9489.13,10022.71,-0.70%,9600,9480,10075,-1.45%
2/25/2020,9383.9,9245.46,9678.76,-2.35%,9320,9240,9695,-2.96%
2/26/2020,8747.24,8640.3,9425.64,-7.03%,8780,8595,9395,-5.97%
2/27/2020,8757.31,8524.21,8972.79,0.12%,8890,8520,8980,1.25%
2/28/2020,8671.27,8438.05,8899.43,-0.99%,8663,8430,8905,-2.59%
3/2/2020,8945.93,8489.89,8951,3.12%,8975,8540,9030,3.54%
3/3/2020,8738.3,8664.5,8981.54,-2.35%,8770,8740,8995,-2.31%
3/4/2020,8732.24,8673.52,8851.7,-0.07%,8760,8700,8910,-0.11%
3/5/2020,9115.82,8728.45,9168.59,4.30%,9195,8795,9250,4.85%
3/6/2020,9138.35,9001.59,9183.52,0.25%,9165,9060,9250,-0.33%
3/9/2020,7861.2,7639.38,8304.79,-15.05%,7850,7640,8280,-15.49%
3/10/2020,7999.1,7740.19,8157.03,1.74%,7995,7755,8175,1.83%
3/11/2020,7863.14,7595.75,8048.88,-1.71%,7855,7610,8025,-1.77%
3/12/2020,5725.35,5597.67,7987.27,-31.73%,6010,5595,8000,-26.77%
3/13/2020,5434.09,3914.7,5991.58,-5.22%,5330,4210,5935,-12.01%
3/16/2020,4904.48,4442.65,5965.38,-10.25%,4930,4390,5850,-7.80%
3/17/2020,5469.8,4868.47,5504.29,10.91%,5380,4835,5525,8.73%
3/18/2020,5338.27,5028.35,5566.16,-2.43%,5340,4990,5475,-0.75%
3/19/2020,6254.32,5266.46,6390.96,15.84%,6240,5275,6410,15.58%
3/20/2020,5971.92,5689.23,6929.38,-4.62%,6210,5665,6950,-0.48%
3/23/2020,6414.54,5687.89,6622.44,7.15%,6300,5685,6650,1.44%
3/24/2020,6752.28,6360.12,6859.95,5.13%,6725,6395,6885,6.53%
3/25/2020,6598.56,6470.66,6979.44,-2.30%,6630,6465,6995,-1.42%
3/26/2020,6744.69,6529.48,6793.33,2.19%,6675,6520,6805,0.68%
3/27/2020,6683.67,6585.05,6869.21,-0.91%,6648,6570,6855,-0.41%
3/30/2020,6477.56,5857.03,6519.16,-3.13%,6380,5835,6535,-4.11%
3/31/2020,6481.37,6342.99,6623.2,0.06%,6475,6340,6660,1.48%
4/1/2020,6351.21,6161.91,6494.75,-2.03%,6210,6155,6465,-4.18%
4/2/2020,6749.37,6350.08,7243.23,6.08%,6865,6380,7345,10.03%
4/3/2020,6703.55,6614.15,7048.39,-0.68%,6800,6625,7100,-0.95%
4/6/2020,7231.12,6729.73,7321.8,7.58%,7330,6785,7375,7.51%
4/7/2020,7118.23,7080.3,7467.1,-1.57%,7330,7105,7515,0.00%
4/8/2020,7325.08,7086.65,7424.94,2.86%,7335,7160,7475,0.07%
4/9/2020,7306.08,7113.8,7396.91,-0.26%,7290,7090,7415,-0.62%
4/10/2020,6920.1,6752.18,7324.13,-5.43%,7290,7090,7415,0.00%
4/13/2020,6828.62,6580.58,7149.44,-1.33%,6810,6555,7160,-6.81%
4/14/2020,6873.41,6771.91,6987.05,0.65%,6950,6785,7010,2.03%
4/15/2020,6752.45,6694.18,6938.99,-1.78%,6740,6685,6950,-3.07%
4/16/2020,7060.08,6478.31,7140.46,4.46%,7105,6465,7205,5.27%
4/17/2020,7060.14,7001.89,7211.03,0.00%,7080,7010,7235,-0.35%
4/20/2020,6868.11,6760.34,7221.96,-2.76%,6795,6765,7255,-4.11%
4/21/2020,6894.6,6775.67,6950.67,0.38%,6890,6780,6960,1.39%
4/22/2020,7119.34,6826.9,7164.97,3.21%,7115,6830,7195,3.21%
4/23/2020,7541.59,7037.66,7767.48,5.76%,7540,7045,7805,5.80%
4/24/2020,7533.88,7404.22,7617.9,-0.10%,7461,7400,7620,-1.05%
4/27/2020,7708.12,7592.17,7798.33,2.29%,7780,7645,7905,4.19%
4/28/2020,7736.85,7671.47,7793.18,0.37%,7780,7735,7875,0.00%
4/29/2020,8933.48,7719.95,8961.86,14.38%,8825,7780,9065,12.60%
4/30/2020,8826.56,8412.87,9467.99,-1.20%,8930,8480,9560,1.18%
5/1/2020,8734.2,8594.33,9071.16,-1.05%,8840,8655,9145,-1.01%
5/4/2020,8921.68,8537.43,8965.14,2.12%,8935,8600,9060,1.07%
5/5/2020,8951.51,8773.38,9118.11,0.33%,8985,8835,9225,0.56%
5/6/2020,9250.9,8922.86,9396.7,3.29%,9340,8980,9515,3.87%
5/7/2020,9801.31,9045.24,9966.38,5.78%,10010,9105,10115,6.93%
5/8/2020,9998.9,9731.33,10069.79,2.00%,10030,9820,10220,0.20%
5/11/2020,8636.21,8200.93,9169.08,-14.65%,8795,8220,9275,-13.14%
5/12/2020,8824.98,8476.47,8978.62,2.16%,8870,8560,9050,0.85%
5/13/2020,9300.04,8746.89,9341.21,5.24%,9270,8830,9430,4.41%
5/14/2020,9656.61,9264.85,9939.63,3.76%,9725,9355,10070,4.79%
5/15/2020,9241.91,9128,9849.05,-4.39%,9395,9170,9930,-3.45%
5/18/2020,9677.73,9464.54,9947.95,4.61%,9745,9515,10035,3.66%
5/19/2020,9690.24,9468.05,9897.4,0.13%,9680,9505,9955,-0.67%
5/20/2020,9588.55,9306.07,9837.27,-1.05%,9570,9330,9895,-1.14%
5/21/2020,9056.92,8805.13,9589.47,-5.70%,9075,8815,9610,-5.31%
5/22/2020,9181,8928.79,9263.35,1.36%,9175,8945,9285,1.10%
5/26/2020,8859.07,8701.43,9011.73,-3.57%,8785,8630,9065,-4.34%
5/27/2020,9163.42,8808.1,9225.63,3.38%,9170,8810,9265,4.29%
5/28/2020,9446.84,9056.48,9532.88,3.05%,9450,9055,9555,3.01%
5/29/2020,9415.96,9339.92,9622.14,-0.33%,9443,9350,9610,-0.07%
6/1/2020,9680.19,9389.9,9696.13,2.77%,9650,9465,9775,2.17%
6/2/2020,9522.85,9290.05,10378.32,-1.64%,9580,9335,10565,-0.73%
6/3/2020,9583.65,9397.26,9644.85,0.64%,9655,9465,9730,0.78%
6/4/2020,9783.87,9466.02,9883.61,2.07%,9895,9535,9985,2.46%
6/5/2020,9712.33,9607.01,9858.85,-0.73%,9800,9675,9950,-0.96%
6/8/2020,9702.87,9650.98,9802.48,-0.10%,9780,9720,9900,-0.20%
6/9/2020,9749.6,9574.81,9886.12,0.48%,9805,9620,9985,0.26%
6/10/2020,9867.63,9704.41,10003.3,1.20%,9935,9720,10130,1.32%
6/11/2020,9340.86,9091.42,9973.98,-5.49%,9300,9090,10060,-6.60%
6/12/2020,9463.3,9232.76,9549.07,1.30%,9465,9265,9610,1.76%
6/15/2020,9481.06,8902.67,9523.64,0.19%,9440,8930,9525,-0.26%
6/16/2020,9494.7,9383.05,9590.8,0.14%,9530,9415,9630,0.95%
6/17/2020,9374.04,9238.36,9558.14,-1.28%,9325,9255,9600,-2.17%
6/18/2020,9343.09,9312.75,9478.13,-0.33%,9410,9320,9515,0.91%
6/19/2020,9315.35,9233.62,9428.15,-0.30%,9315,9245,9465,-1.01%
6/22/2020,9645.06,9273.19,9668.32,3.48%,9585,9280,9700,2.86%
6/23/2020,9629.89,9578.35,9785.68,-0.16%,9660,9600,9755,0.78%
6/24/2020,9288.58,9199.48,9664.65,-3.61%,9285,9180,9685,-3.96%
6/25/2020,9275.81,8997.3,9320.76,-0.14%,9280,8985,9315,-0.05%
6/26/2020,9190.26,9034.22,9335.92,-0.93%,9220,9070,9440,-0.65%
6/29/2020,9180.36,9019.09,9193.98,-0.11%,9200,9050,9240,-0.22%
6/30/2020,9147.09,9065.55,9233.29,-0.36%,9185,9100,9295,-0.16%
7/1/2020,9239.05,9092.41,9297.79,1.00%,9325,9140,9390,1.51%
7/2/2020,9082.38,8947.98,9264.53,-1.71%,9060,8950,9335,-2.88%
7/6/2020,9277.06,8917.78,9352.15,2.12%,9355,9060,9435,3.20%
7/7/2020,9254.79,9207,9378.64,-0.24%,9290,9250,9455,-0.70%
7/8/2020,9430.25,9231.1,9473.35,1.88%,9510,9285,9570,2.34%
7/9/2020,9237.04,9164.89,9471.65,-2.07%,9255,9190,9545,-2.72%
7/10/2020,9235.1,9124.3,9256.49,-0.02%,9275,9145,9285,0.22%
7/13/2020,9249.8,9199.13,9344.98,0.16%,9270,9240,9410,-0.05%
7/14/2020,9272.83,9110.42,9279.36,0.25%,9310,9135,9320,0.43%
7/15/2020,9213.7,9156.06,9277.66,-0.64%,9190,9165,9320,-1.30%
7/16/2020,9103.61,9037.29,9230.75,-1.20%,9145,9040,9265,-0.49%
7/17/2020,9157.69,9080.2,9182.82,0.59%,9195,9095,9220,0.55%
7/20/2020,9175.47,9137.38,9239.55,0.19%,9190,9155,9280,-0.05%
7/21/2020,9376.53,9154.18,9438.31,2.17%,9395,9175,9480,2.21%
7/22/2020,9377.3,9284.92,9397.53,0.01%,9425,9295,9435,0.32%
7/23/2020,9593.77,9368.14,9676.86,2.28%,9650,9425,9735,2.36%
7/24/2020,9629.62,9477.03,9631.71,0.37%,9615,9505,9665,-0.36%
7/27/2020,10891.81,9877.55,10944,12.32%,10895,9925,11055,12.50%
7/28/2020,10981.18,10586.25,11410.44,0.82%,11035,10635,11540,1.28%
7/29/2020,11222.15,10854.14,11298.29,2.17%,11240,10890,11350,1.84%
7/30/2020,11150.47,10845.74,11350.72,-0.64%,11145,10835,11405,-0.85%
7/31/2020,11345.63,10979.86,11455.41,1.74%,11208,10985,11245,0.56%
8/3/2020,11383.53,10949.68,11479.08,0.33%,11620,11180,11720,3.61%
8/4/2020,11214.45,11023.9,11419.65,-1.50%,11370,11125,11600,-2.17%
8/5/2020,11692.68,11100.19,11721.95,4.18%,11850,11190,11975,4.13%
8/6/2020,11851.58,11538.46,11909.07,1.35%,12040,11705,12085,1.59%
8/7/2020,11575.83,11348.72,11915.16,-2.35%,11575,11395,12085,-3.94%
8/10/2020,11859.27,11522.64,12078.97,2.42%,12015,11645,12220,3.73%
8/11/2020,11212.89,11136.41,11940.92,-5.60%,11435,11190,12090,-4.95%
8/12/2020,11565.95,11129.6,11621.48,3.10%,11665,11220,11745,1.99%
8/13/2020,11615.32,11279.2,11661.47,0.43%,11590,11340,11760,-0.65%
8/14/2020,11770.13,11614.5,11864.13,1.32%,11935,11740,12000,2.93%
8/17/2020,12327.23,11775.05,12473.65,4.62%,12485,11905,12635,4.51%
8/18/2020,12030.11,11831.06,12411.01,-2.44%,12035,11850,12555,-3.67%
8/19/2020,11715.31,11585.86,12096.8,-2.65%,11690,11580,12150,-2.91%
8/20/2020,11863.08,11678.07,11890.97,1.25%,11895,11710,11950,1.74%
8/21/2020,11621.41,11613.25,11893.82,-2.06%,11695,11600,12125,-1.70%
8/24/2020,11731.2,11599.85,11828.48,0.94%,11770,11595,11865,0.64%
8/25/2020,11265.47,11121.98,11788.61,-4.05%,11310,11115,11810,-3.99%
8/26/2020,11513.5,11258.25,11542.23,2.18%,11480,11260,11570,1.49%
8/27/2020,11267.05,11131.6,11594.39,-2.16%,11270,11125,11610,-1.85%
8/28/2020,11502.58,11252.81,11550.57,2.07%,11449,11280,11525,1.58%
8/31/2020,11678.6,11581.45,11777.98,1.52%,11835,11705,11915,3.32%
9/1/2020,12022.35,11544.31,12061.54,2.90%,12075,11625,12200,2.01%
9/2/2020,11375.47,11187.82,12055.8,-5.53%,11460,11165,12175,-5.23%
9/3/2020,10785.86,10508.5,11473.3,-5.32%,10720,10460,11530,-6.68%
9/4/2020,10606.46,9924,10802.84,-1.68%,10620,9905,10785,-0.94%
9/8/2020,10016.81,9928.44,10444.07,-5.72%,10015,9890,10475,-5.87%
9/9/2020,10259.62,9852.96,10350.92,2.40%,10320,9850,10385,3.00%
9/10/2020,10307.29,10184.42,10492.34,0.46%,10315,10215,10565,-0.05%
9/11/2020,10329.82,10212.55,10387.47,0.22%,10340,10215,10420,0.24%
9/14/2020,10694.29,10255.67,10758.18,3.47%,10705,10270,10805,3.47%
9/15/2020,10867.34,10624.75,10940.82,1.61%,10815,10645,10975,1.02%
9/16/2020,10998.05,10671.59,11098.96,1.20%,11015,10690,11150,1.83%
9/17/2020,10937.41,10755.35,11046.3,-0.55%,10950,10755,11075,-0.59%
9/18/2020,10890.68,10821.86,11043.34,-0.43%,10880,10815,11075,-0.64%
9/21/2020,10479.79,10300.66,10995.58,-3.85%,10485,10265,11005,-3.70%
9/22/2020,10516.06,10363.92,10536.72,0.35%,10495,10350,10525,0.10%
9/23/2020,10224.14,10140.83,10574.8,-2.82%,10280,10140,10550,-2.07%
9/24/2020,10631.74,10198.53,10720.14,3.91%,10670,10190,10750,3.72%
9/25/2020,10717.46,10559.24,10796.86,0.80%,10607,10560,10805,-0.59%
9/28/2020,10871.25,10708.84,10949.75,1.42%,10960,10795,11080,3.27%
9/29/2020,10756.95,10642.26,10890.22,-1.06%,10815,10680,10990,-1.33%
9/30/2020,10706.95,10665.55,10864,-0.47%,10770,10725,10940,-0.42%
10/1/2020,10606.06,10450.3,10926.56,-0.95%,10645,10430,11060,-1.17%
10/2/2020,10547.65,10387.18,10664.96,-0.55%,10550,10410,10705,-0.90%
10/5/2020,10741.28,10628.51,10779.38,1.82%,10815,10670,10865,2.48%
10/6/2020,10549.5,10530.4,10801.88,-1.80%,10630,10565,10890,-1.73%
10/7/2020,10661.08,10529.48,10681.96,1.05%,10720,10595,10760,0.84%
10/8/2020,10898.05,10541.52,10957.71,2.20%,10955,10580,11065,2.17%
10/9/2020,11041.96,10839.75,11110.29,1.31%,11110,10910,11205,1.40%
10/12/2020,11568.4,11208.06,11597.36,4.66%,11630,11280,11700,4.57%
10/13/2020,11434.88,11315.43,11726.83,-1.16%,11440,11355,11805,-1.65%
10/14/2020,11393.36,11297.02,11555.34,-0.36%,11410,11340,11630,-0.26%
10/15/2020,11545.26,11264.66,11616.81,1.32%,11595,11315,11695,1.61%
10/16/2020,11319.41,11216.33,11548.19,-1.98%,11360,11225,11610,-2.05%
10/19/2020,11735.13,11414.03,11835,3.61%,11755,11470,11910,3.42%
10/20/2020,11904.78,11686.97,12052.31,1.44%,11970,11740,12110,1.81%
10/21/2020,12855.5,11888.86,12915.2,7.68%,12755,11960,13005,6.35%
10/22/2020,13124.02,12698.03,13241.7,2.07%,13155,12725,13285,3.09%
10/23/2020,12942.9,12735.75,13200,-1.39%,12970,12775,13260,-1.42%
10/26/2020,13019.83,12791.5,13242.92,0.59%,13045,12805,13300,0.58%
10/27/2020,13620.54,13000.82,13756.56,4.51%,13685,13025,13780,4.79%
10/28/2020,13213.48,12907.9,13857.94,-3.03%,13175,12885,13870,-3.80%
10/29/2020,13486.71,12986.32,13647.43,2.05%,13505,12995,13665,2.47%
10/30/2020,13639.46,13132.74,13676.44,1.13%,13479,13150,13660,-0.19%
11/2/2020,13619.76,13222.44,13840.93,-0.14%,13790,13370,14065,2.28%
11/3/2020,13741.48,13298.75,13803.45,0.89%,13845,13390,13950,0.40%
11/4/2020,14008.75,13542.5,14265.06,1.93%,14200,13635,14420,2.53%
11/5/2020,15243.85,14008.75,15301.38,8.45%,15260,14165,15505,7.20%
11/6/2020,15553.32,15206.06,15966.49,2.01%,15630,15350,16155,2.40%
11/9/2020,15387.48,14831.21,15848.6,-1.07%,15450,14880,16005,-1.16%
11/10/2020,15389.01,15098.25,15477.98,0.01%,15355,15130,15595,-0.62%
11/11/2020,15831.57,15291.46,15989.96,2.84%,15805,15350,16090,2.89%
11/12/2020,16159.74,15478.5,16215.15,2.05%,16240,15520,16300,2.72%
11/13/2020,16294.47,15975.94,16491.65,0.83%,16270,16025,16585,0.18%
11/16/2020,16704.72,15798.63,16889.01,2.49%,16895,15915,16935,3.77%
11/17/2020,17639.21,16573.93,17864.79,5.44%,17730,16620,17930,4.82%
11/18/2020,17786.57,17257.07,18479.75,0.83%,17685,17235,18540,-0.25%
11/19/2020,17946.04,17359.99,18180.41,0.89%,18095,17375,18260,2.29%
11/20/2020,18589.49,17723.36,18821.7,3.52%,18685,17740,18880,3.21%
11/23/2020,18422.02,18007.23,18777.32,-0.90%,18410,18040,18850,-1.48%
11/24/2020,18944.86,18067.32,19438.67,2.80%,19110,18075,19515,3.73%
11/25/2020,18880.69,18641.61,19504.5,-0.34%,18915,18640,19605,-1.03%
11/27/2020,17005.85,16451.41,17465.31,-10.46%,16628,16230,18935,-12.89%
11/30/2020,19378.61,18087.3,19857.03,13.06%,19730,18275,20260,17.11%
12/1/2020,19055.69,18157.38,19914.33,-1.68%,19275,18300,20360,-2.33%
12/2/2020,19156.67,18345.65,19338.33,0.53%,19295,18560,19585,0.10%
12/3/2020,19462.14,18889.2,19614.08,1.58%,19565,19070,19880,1.39%
12/4/2020,18825.45,18709.29,19555.44,-3.33%,19100,18830,19750,-2.41%
12/7/2020,19084.67,18911.43,19429.48,1.37%,19170,19020,19615,0.37%
12/8/2020,18773.5,18623.13,19298.23,-1.64%,18825,18695,19475,-1.82%
12/9/2020,18520.56,17644.39,18834.5,-1.36%,18420,17705,18685,-2.17%
12/10/2020,18349.98,17914.56,18643.57,-0.93%,18440,17940,18750,0.11%
12/11/2020,18101.38,17589.25,18397.9,-1.36%,18020,17575,18460,-2.30%
12/14/2020,19199.17,18984.08,19338.03,5.89%,19270,19080,19430,6.71%
12/15/2020,19424.24,19054.8,19562.34,1.17%,19560,19120,19675,1.49%
12/16/2020,21206.36,19300.69,21295,8.78%,20930,19340,21430,6.77%
12/17/2020,22779.13,21205.83,23720.4,7.15%,22870,21320,23915,8.86%
12/18/2020,22901.2,22363.54,23282.74,0.53%,22860,22435,23415,-0.04%
12/21/2020,23142.45,21966.16,24118.48,1.05%,22880,21950,24210,0.09%
12/22/2020,23437.95,22390.03,23615.11,1.27%,23445,22430,23645,2.44%
12/23/2020,23297.72,22816.64,24081.68,-0.60%,23510,22800,24175,0.28%
12/24/2020,23405.27,22658.01,23550.76,0.46%,23197,22715,23475,-1.34%
12/28/2020,26599.22,26088.78,27468.07,12.79%,27110,26535,27900,15.59%
12/29/2020,26895.14,25852.63,27186.14,1.11%,27210,26080,27450,0.37%
12/30/2020,28904.39,26894.99,28992.19,7.20%,29155,27235,29370,6.90%
12/31/2020,28996.28,27971.04,29292.47,0.32%,29385,28230,29700,0.79%
1/4/2021,31037.38,28019.06,33665.47,6.80%,31550,28440,34170,7.11%
1/5/2021,33792.24,29942.94,34275.13,8.50%,34515,30250,34680,8.98%
1/6/2021,35939.27,33373.72,36499.88,6.16%,36565,33780,37035,5.77%
1/7/2021,39733,35787.72,40394.88,10.04%,39625,36445,41000,8.04%
1/8/2021,40040.7,36644.59,41981.76,0.77%,39520,37000,42730,-0.27%
1/11/2021,33964.38,30324,39025.91,-16.46%,33780,31105,39165,-15.69%
1/12/2021,34712.73,32523.12,36610.11,2.18%,34500,32780,37050,2.11%
1/13/2021,37283.48,32359.2,37400.06,7.14%,36375,32610,37580,5.29%
1/14/2021,38765.5,36765.23,40094.81,3.90%,39605,36915,40365,8.51%
1/15/2021,36261.52,34409.04,39690.45,-6.68%,35625,34555,39980,-10.59%
1/19/2021,36489.64,36094,37854.38,0.63%,36595,34890,38155,2.69%
1/20/2021,34913.07,33412.72,36792.11,-4.42%,35035,33435,36845,-4.36%
1/21/2021,31217,30986.71,35675.23,-11.19%,31920,30930,35740,-9.31%
1/22/2021,33322.33,28817.89,33856.64,6.53%,33580,28900,33860,5.07%
1/25/2021,32701.29,31694.76,34882.55,-1.88%,33440,32035,34930,-0.42%
1/26/2021,32017.04,30854.15,32825.83,-2.11%,31950,30800,32845,-4.56%
1/27/2021,31005.85,29241.49,32930.66,-3.21%,31475,29075,32925,-1.50%
1/28/2021,33248.02,29904.18,33327.16,6.98%,32650,29860,33355,3.67%
1/29/2021,34641.09,31997.55,38627.38,4.10%,37242,32000,38755,13.16%
2/1/2021,33664.82,32338.3,34699.56,-2.86%,34000,32530,35005,-9.11%
2/2/2021,35687.9,33456.2,36002.09,5.84%,36170,33605,36370,6.19%
2/3/2021,37294.95,35408.34,37449.73,4.40%,37390,35740,37790,3.32%
2/4/2021,37681.13,36211.68,38744.06,1.03%,37915,36435,39200,1.39%
2/5/2021,37858.84,36626.11,38346.61,0.47%,38015,36895,38755,0.26%
2/8/2021,44691.74,38065.02,44807.01,16.59%,44755,38305,45500,16.32%
2/9/2021,47335.77,44316.2,48215.83,5.75%,47765,45175,48885,6.51%
2/10/2021,45039.51,43764.47,47348.97,-4.97%,44915,43950,48060,-6.15%
2/11/2021,46931.97,44042.01,48663.06,4.12%,47525,44345,49215,5.65%
2/12/2021,47947.17,46290.27,48929.36,2.14%,48040,46500,49500,1.08%
2/15/2021,48203.45,45893.35,49317.86,0.53%,48040,46500,49500,0.00%
2/16/2021,48585.51,47070.86,50547.71,0.79%,48925,45950,51065,1.83%
2/17/2021,52400.42,48527.79,52631.92,7.56%,52785,49115,53210,7.59%
2/18/2021,52037.53,50889.44,52545.61,-0.69%,52340,51250,53080,-0.85%
2/19/2021,55629.08,50765.49,56332.89,6.67%,55530,50695,56575,5.92%
2/22/2021,54938.64,47873.13,57659.35,-1.25%,53720,48320,57790,-3.31%
2/23/2021,47962.92,45000.27,55017.68,-13.58%,47660,44900,54515,-11.97%
2/24/2021,48758.53,47028.15,51415.15,1.65%,49135,47010,51310,3.05%
2/25/2021,48083.51,48054.26,52075.4,-1.39%,49120,48010,52040,-0.03%
2/26/2021,45672.06,44159.24,48835.53,-5.15%,47002,44270,48300,-4.41%
3/1/2021,48856.4,44897.81,49504.61,6.74%,48870,45150,49985,3.90%
3/2/2021,47451.1,47098.63,50235.99,-2.92%,47820,47245,50550,-2.17%
3/3/2021,50952.74,47401.01,52622.92,7.12%,50900,47955,53000,6.24%
3/4/2021,47918.88,47505.51,51794.04,-6.14%,48310,47425,52190,-5.22%
3/5/2021,49053.13,46309.9,49462.47,2.34%,49555,46295,49745,2.54%
3/8/2021,51878.94,49344.7,51987.06,5.60%,52145,49500,52425,5.09%
3/9/2021,54320.06,51438.56,54819.86,4.60%,54720,51895,55265,4.82%
3/10/2021,56931.78,53045.06,57365.49,4.70%,56620,53430,57815,3.41%
3/11/2021,57624.02,54304.15,57916.27,1.21%,57955,54685,58390,2.33%
3/12/2021,56965.96,55065.89,58138.82,-1.15%,57075,55380,58725,-1.53%
3/15/2021,56414.61,54733.54,60733.15,-0.97%,56900,54915,61255,-0.31%
3/16/2021,56388.15,53288.81,56947.91,-0.05%,55910,53475,57175,-1.76%
3/17/2021,57751.66,54158.83,58303.57,2.39%,57980,54285,58490,3.64%
3/18/2021,57501.51,57031.5,60084.78,-0.43%,57365,57090,60280,-1.07%
3/19/2021,58410.01,56297.4,59453.53,1.57%,58975,56315,59575,2.77%
3/22/2021,54554.83,54247.39,58430.54,-6.83%,55605,54105,58460,-5.88%
3/23/2021,54447.56,53000.08,55848.65,-0.20%,54985,52915,55895,-1.12%
3/24/2021,54050.57,53213.76,57204.88,-0.73%,54645,53135,57225,-0.62%
3/25/2021,52001.01,50440.17,54220.99,-3.87%,52195,50360,53665,-4.59%
3/26/2021,54002.49,51263.33,54288.89,3.78%,53346,51305,53765,2.18%
3/29/2021,57234.35,54816.53,58393.84,5.81%,58210,55110,59000,8.73%
3/30/2021,58673.67,57053.73,59388.52,2.48%,59705,57585,60065,2.54%
3/31/2021,58960.2,56886.38,59807.36,0.49%,59285,57380,60540,-0.71%
